split,count,corr,mae,rmse,lambda_mean,lambda_std
train,67231,-0.007405481881098204,0.0018368528093334502,0.002391641659145461,0.0007135400082916021,0.003558437107130885
val,16163,-0.09152136007621949,0.0014347167043090513,0.0018011593142516628,0.0035033877938985825,0.0022681765258312225
test,14135,-0.14419044318108287,0.0018489910799438783,0.0025615497183713158,5.3480060159927234e-05,0.0031210717279464006
